parameter,true_value,estimated_value,abs_error
delta_eta_compressor,  1.80000000E-02,  1.87607724E-02,  7.60772356E-04
delta_mdot_fraction,  1.00000000E-02,  9.53857350E-03,  4.61426500E-04
delta_eta_turbine,  1.20000000E-02,  1.16675293E-02,  3.32470723E-04
delta_dP_combustor,  3.00000000E-03,  3.27345309E-03,  2.73453090E-04
